,0
0,https://blog.naver.com/sang5900/222872526812
1,https://blog.naver.com/lsykumdo/222660826256
2,https://blog.naver.com/sjiin77/222900533914
3,https://blog.naver.com/kastedu/222613626787
4,https://blog.naver.com/gilcare1/222906613134
5,https://blog.naver.com/skygreenlemon/222762126021
6,https://blog.naver.com/cristal0905/222863509298
7,https://blog.naver.com/gwangjuseogu/222675298630
8,https://blog.naver.com/warscolpion/222735534586
9,https://blog.naver.com/gmhearingpower/222879434333
10,https://blog.naver.com/2580press/222718705946
11,https://blog.naver.com/skygreenlemon/222754185458
12,https://esmcenter.tistory.com/13419
13,https://blog.naver.com/cyber_gongju/222644086637
14,https://blog.naver.com/abundious/222876168323
15,https://blog.naver.com/altaralter/222881797358
16,https://blog.naver.com/gugji/222854856892
17,https://blog.naver.com/cristal0905/222788500912
18,https://blog.naver.com/ky881221/222789571841
19,https://blog.naver.com/cusilvercare/222699487749
20,https://blog.naver.com/ariaritour/222874227682
21,https://blog.naver.com/udt49702/222900719432
22,https://blog.naver.com/db2036/222764334134
23,https://blog.naver.com/workerhong/222611600823
24,https://blog.naver.com/soonoin8802/222803239948
25,https://blog.naver.com/d2starky/222848932890
26,https://blog.naver.com/wlgpd1109/222780547020
27,https://blog.naver.com/gkcjs0908/222908861111
28,https://blog.naver.com/coreap6/222833656683
29,https://blog.naver.com/alsdud9406/222832910785
30,https://blog.naver.com/yeongdong_gun/222898360369
31,https://blog.naver.com/birdsong001/222758095431
32,https://blog.naver.com/sbom2015/222813637290
33,https://blog.naver.com/pcnorkr/222897152744
34,https://blog.naver.com/bluered1008/222663960135
35,https://blog.naver.com/ksg2028/222807449407
36,https://slifestory.tistory.com/455
37,https://blog.naver.com/ttjiayou1672/222706242570
38,https://blog.naver.com/sejong_dementia/222739442688
39,http://blog.yes24.com/blog/blogMain.aspx?blogid=yang412&artSeqNo=16050095
40,https://blog.naver.com/gbom6600/222647995232
41,https://blog.naver.com/rmeo73/222637534051
42,https://blog.naver.com/dbswjd877/222873227710
43,https://blog.naver.com/silveritv/222642256312
44,https://blog.naver.com/namguchimae/222854774677
45,https://blog.naver.com/givenine/222800299133
46,https://blog.naver.com/artgihun/222817228276
47,https://blog.naver.com/sds761761/222884004774
48,https://blog.naver.com/gaseon7/222910102084
49,https://blog.naver.com/he2791/222646097658
50,https://blog.naver.com/solmc6400/222660067187
51,https://blog.naver.com/ghsc1128/222885475423
52,https://mangoistree.tistory.com/entry/%EC%A7%80%EB%AC%B8-%EC%82%AC%EC%A0%84%EB%93%B1%EB%A1%9D%EC%A0%9C-%EC%9C%A0%EC%95%84-%EC%95%84%EB%8F%99-%EC%B9%98%EB%A7%A4%ED%99%98%EC%9E%90-%EC%A7%80%EC%A0%81%EC%9E%A5%EC%95%A0%EC%9D%B8%EB%93%B1-%EC%8B%A4%EC%A2%85%EB%8C%80%EB%B9%84-%ED%95%98%EA%B8%B0
53,https://blog.naver.com/kristmaslime/222787562391
54,https://blog.naver.com/komo5659/222906480765
55,https://blog.naver.com/gn-council/222735950939
56,https://blog.naver.com/chang9136/222610413205
57,https://blog.naver.com/w40101003/222837301951
58,https://blog.naver.com/hes2028/222728745113
59,https://blog.naver.com/ariacare_sw/222859552261
60,https://blog.naver.com/seouldesks/222742635597
61,https://blog.naver.com/dementianews/222706417992
62,https://blog.naver.com/khmcpr/222868555668
63,https://blog.naver.com/juanwf/222718381967
64,https://blog.naver.com/skygreenlemon/222754185284
65,https://blog.naver.com/06rnftkrrl/222902737965
66,https://blog.naver.com/motokim08/222910935127
67,https://blog.naver.com/jschinsu/222845980557
68,https://blog.naver.com/sechoe777/222809833525
69,https://blog.naver.com/vovo3113/222797863449
70,https://blog.naver.com/music-soultree/222861422048
71,https://blog.naver.com/webbul/222654777958
72,https://blog.naver.com/aquataichi/222851067217
73,https://blog.naver.com/pamoon/222767237233
74,https://blog.naver.com/jiniiii78/222719860926
75,https://blog.naver.com/psepeter/222848872415
76,https://blog.naver.com/hadabetterday/222685808521
77,https://blog.naver.com/sky9363/222826562101
78,https://blog.naver.com/rescuepark/222896386466
79,https://blog.naver.com/romanaswan/222904481612
80,https://blog.naver.com/a11114/222844804300
81,https://blog.naver.com/skywon65/222886336598
82,https://blog.naver.com/k780513/222725845274
83,https://blog.naver.com/ahgusrhdwn/222825656621
84,https://blog.naver.com/psotlmc/222878315811
85,https://blog.naver.com/chair2019/222860891702
86,https://blog.naver.com/seum2184/222868136963
87,https://blog.naver.com/fpsk1202/222687832359
88,https://blog.naver.com/key091304/222663881176
89,https://blog.naver.com/jooo01032/222889979508
90,https://blog.naver.com/hairb9606/222886297730
91,https://blog.naver.com/fpsk1202/222715871402
92,https://blog.naver.com/solmc6400/222900688128
93,https://blog.naver.com/chookk222/222831416655
94,https://blog.naver.com/einsbizkorea/222854900874
95,https://blog.naver.com/needp68/222705179307
96,https://blog.naver.com/hryooon/222678717131
97,https://blog.naver.com/gomsolvie/222851626230
98,https://blog.naver.com/sejong_dementia/222707969291
99,https://blog.naver.com/perfume73/222787044930
100,https://blog.naver.com/chorki/222779578415
101,https://blog.naver.com/sbom2011/222710791384
102,https://blog.naver.com/riskartist/222645912729
103,https://blog.naver.com/ja991128/222745162325
104,https://blog.naver.com/minye21/222725729088
105,https://blog.naver.com/qhrjtmhey/222620273456
106,https://blog.naver.com/futurehope2017/222840092576
107,https://blog.naver.com/wlgpd1109/222829675241
108,https://blog.naver.com/polinlove2/222836212304
109,https://blog.naver.com/welfare365/222624848562
110,https://funfunfunny7.tistory.com/396
111,https://blog.naver.com/ulsan-namgu/222790679114
112,https://blog.naver.com/hongane2013/222638507006
113,https://blog.naver.com/ggcare9988/222764280053
114,https://blog.naver.com/gbom6600/222860883527
115,https://blog.naver.com/iloveydp/222912196430
116,https://blog.naver.com/think_about_it/222887671647
117,https://blog.naver.com/seniorculture/222894309762
118,https://blog.naver.com/ivilvl/222803297780
119,https://blog.naver.com/crystal0121/222817345279
120,https://blog.naver.com/3753542/222865724081
121,https://blog.naver.com/marysys/222610302505
122,https://blog.naver.com/chair2019/222690974108
123,https://blog.naver.com/mirae_saram/222906545517
124,https://blog.naver.com/soracare/222845903199
125,https://blog.naver.com/dlwhdvlf1235/222839800114
126,https://blog.naver.com/rde4265/222725887691
127,https://blog.naver.com/isideru/222722178094
128,https://blog.naver.com/komo5659/222612444629
129,https://blog.naver.com/acedu0119/222836340692
130,https://blog.naver.com/asanpride/222654588288
131,https://guri-guri.tistory.com/495
132,https://blog.naver.com/kw7114/222772592434
133,https://blog.naver.com/lwj3836/222786563855
134,https://blog.naver.com/bomnal9101/222855680402
135,https://blog.naver.com/guswlsdl0325/222676105433
136,https://blog.naver.com/dz0501/222840427572
137,https://blog.naver.com/chinazhen/222672181780
138,https://blog.naver.com/yeyoung1376/222668492014
139,https://blog.naver.com/info-store/222669011654
140,https://blog.naver.com/peter0629/222764292631
141,https://blog.naver.com/sbom2015/222805252929
142,https://blog.naver.com/pjy791009/222908771332
143,https://platform-1.tistory.com/entry/%EA%B0%80%EC%96%91%EC%97%AD-%EC%8B%A4%EC%A2%85
144,https://blog.naver.com/skygreenlemon/222762107517
145,https://blog.naver.com/introdo/222669770049
146,https://blog.naver.com/junghwa2669/222811040754
147,https://blog.naver.com/aria_cc/222824529531
148,https://blog.naver.com/dkfzhfwjdtls2009/222879740492
149,https://blog.naver.com/syi8975/222887709176
150,https://blog.naver.com/dldbswjd78/222676371423
151,https://blog.naver.com/the-heaven/222888353635
152,https://blog.naver.com/wjdekdns0805/222884664349
153,https://blog.naver.com/ddogasw/222858895570
154,https://blog.naver.com/uillove/222901071952
155,https://blog.naver.com/lain28/222868630059
156,https://blog.naver.com/liveoninc/222648148423
157,https://esmcenter.tistory.com/13938
158,https://blog.naver.com/cekcodaz/222884837833
159,https://blog.naver.com/gktkrk/222700339510
160,https://blog.naver.com/goansun/222912969737
161,https://blog.naver.com/nw1011/222807869485
162,https://blog.naver.com/sejong_dementia/222877229584
163,https://blog.naver.com/skygreenlemon/222835426305
164,https://blog.naver.com/imo0709/222876171015
165,https://blog.naver.com/ggcare9988/222868465128
166,https://blog.naver.com/jcwk03/222797812883
167,https://blog.naver.com/seosanpost/222793328071
168,https://blog.naver.com/hope_city/222744376505
169,https://blog.naver.com/qwe4508/222882274126
170,https://blog.naver.com/mechanism12836/222831428227
171,https://blog.naver.com/solmc6400/222790557689
172,https://blog.naver.com/incheondonggu/222876417225
173,https://blog.naver.com/incheondonggu/222863952598
174,https://blog.naver.com/bomnal9101/222790388210
175,https://blog.naver.com/acecenter100/222655994371
176,https://blog.naver.com/baram507/222891908018
177,https://blog.naver.com/inbnet/222765753199
178,https://blog.naver.com/knews24/222871974334
179,https://blog.naver.com/skygreenlemon/222863139539
180,https://blog.naver.com/kangyeou/222880145938
181,https://blog.naver.com/yahoranju/222874478147
182,https://blog.naver.com/whitekmg96/222887545851
183,https://blog.naver.com/pcnorkr/222875972839
184,https://blog.naver.com/pressman0520/222705131831
185,https://blog.naver.com/nasiailbo/222718582116
186,https://blog.naver.com/sbom2015/222628274609
187,https://blog.naver.com/rky5203/222620948850
188,https://blog.naver.com/fbwlstjr4337/222611573580
189,https://blog.naver.com/adami7942/222903549239
190,https://blog.naver.com/kidjina1998/222884356163
191,https://blog.naver.com/run422/222892701399
192,https://blog.naver.com/hairb9606/222714140825
193,https://blog.naver.com/solmc6400/222703951240
194,https://blog.naver.com/landgosi/222897849484
195,https://blog.naver.com/gyeongbuknid/222915417093
196,https://blog.naver.com/chair2019/222611481201
197,https://blog.naver.com/solmc6400/222665857114
198,https://blog.naver.com/89nyong/222744970313
199,https://blog.naver.com/psm0933/222722587795
200,https://blog.naver.com/tntjd150803/222901750584
201,https://blog.naver.com/lawyerdhc/222887213576
202,https://blog.naver.com/jjhhhhj83/222800823351
203,https://blog.naver.com/ham7760/222689840658
204,https://blog.naver.com/taxinews/222722543094
205,https://blog.naver.com/sbom2011/222790364648
206,https://blog.naver.com/chair2019/222703806630
207,https://blog.naver.com/solmc6400/222685692543
208,https://blog.naver.com/sbom2011/222734088811
209,https://blog.naver.com/sbom2015/222702281070
210,https://blog.naver.com/chair2019/222751907813
211,https://blog.naver.com/kka002486/222825145990
212,https://blog.naver.com/seojw6608/222868936428
213,https://blog.naver.com/yeojuhangul/222867487741
214,https://blog.naver.com/brkim0929/222848075662
215,https://blog.naver.com/ritoso/222735528533
216,https://blog.naver.com/dltldudd1/222677185116
217,https://blog.naver.com/sejong_dementia/222687177572
218,https://blog.naver.com/bapsangnews/222880202493
219,https://blog.naver.com/solmc6400/222687631680
220,https://blog.naver.com/06rnftkrrl/222910832144
221,https://blog.naver.com/komo5659/222913384379
222,https://blog.naver.com/kescws72/222790757719
223,https://blog.naver.com/dkflfkd3090/222882155884
224,https://blog.naver.com/seedground/222632850425
225,https://blog.naver.com/siheungblog/222840102925
226,https://blog.naver.com/kordipr/222857781635
227,https://blog.naver.com/withinnews/222807734622
228,https://blog.naver.com/shha888/222885281132
229,https://blog.naver.com/potoi/222700493165
230,https://blog.naver.com/sbom2015/222732037773
231,https://blog.naver.com/pthome17/222854557303
232,https://blog.naver.com/soracare/222904713540
233,https://blog.naver.com/wjd343/222899262435
234,https://blog.naver.com/kmaeil1989/222734657322
235,https://blog.naver.com/withinnews/222915921361
236,https://blog.naver.com/solmc6400/222867348566
237,https://blog.naver.com/sbom2015/222658245993
238,https://blog.naver.com/englishmecca2018/222884775551
239,https://blog.naver.com/solmc6400/222672091505
240,https://blog.naver.com/kimmy_55/222611876674
241,https://blog.naver.com/khj_dangjin/222611825169
242,https://blog.naver.com/relative13696/222911981557
243,https://blog.naver.com/chair2019/222703806186
244,https://blog.naver.com/mjs2267/222616826400
245,https://blog.naver.com/gpicture/222904395299
246,https://blog.naver.com/ck6570/222611497690
247,https://blog.naver.com/pcnorkr/222880219897
248,https://blog.naver.com/asiainews/222862764658
249,https://blog.naver.com/lemonlaboratory/222832555466
250,https://blog.naver.com/bsko749/222744423407
251,https://blog.naver.com/blackhs76/222624763571
252,https://blog.naver.com/suhun2191/222811175076
253,https://blog.naver.com/orionblog/222880380441
254,https://blog.naver.com/grin_i_/222698813051
255,https://blog.naver.com/winone100/222813340506
256,https://blog.naver.com/ppspr/222785268082
257,https://blog.naver.com/prettymay5/222740046245
258,https://blog.naver.com/wellspago/222838680832
259,https://blog.naver.com/chmws/222749217053
260,https://blog.naver.com/vangel1015/222812883020
261,https://blog.naver.com/geno61/222887747321
262,https://blog.naver.com/eithty2/222650607246
263,https://blog.naver.com/okjoa012/222896973480
264,https://blog.naver.com/kimjk201403/222681504404
265,https://blog.naver.com/kormadangnews/222804564463
266,https://blog.naver.com/gahyun9617/222774230760
267,https://blog.naver.com/06rnftkrrl/222662915293
268,https://blog.naver.com/hdnews9001/222888335253
269,https://blog.naver.com/jimin5116/222638533164
270,https://blog.naver.com/yooncoms/222915868087
271,https://blog.naver.com/jinju-key/222859030805
272,https://blog.naver.com/jntoday/222909783397
273,https://blog.naver.com/ditodak710/222735781455
274,https://blog.naver.com/liveoninc/222734162491
275,https://blog.naver.com/ssintermed/222764557629
276,https://blog.naver.com/polinlove2/222900256627
277,https://blog.naver.com/minye21/222744071982
278,https://blog.naver.com/nea0987/222831508916
279,https://blog.naver.com/jungwonsuk02/222746078689
280,https://blog.naver.com/workerhong/222618508441
281,https://blog.naver.com/minye21/222720470112
282,https://blog.naver.com/kimjudy96/222715210606
283,https://blog.naver.com/tltpdhks9o/222913432706
284,https://blog.naver.com/shalom6697/222855077468
285,https://blog.naver.com/dreaminhome/222850726389
286,https://blog.naver.com/bomnal9101/222852264586
287,https://kimjeje.tistory.com/1206
288,https://smartsmpa.tistory.com/7142
289,https://blog.naver.com/nopi0903/222715684594
290,https://blog.naver.com/hihihi074/222703299057
291,https://blog.naver.com/hji220718/222844570075
292,https://blog.naver.com/waninae/222846112989
293,https://blog.naver.com/2378333/222899462047
294,https://blog.naver.com/homilbooks/222729659138
295,https://blog.naver.com/sseyeon0501/222726578246
296,https://blog.naver.com/qmffhrm1234/222735738112
297,https://blog.naver.com/sejong_dementia/222739886626
298,https://kimjeje.tistory.com/1161
299,https://blog.naver.com/hotpk710/222636086396
300,https://blog.naver.com/sattoefl/222903381251
301,https://blog.naver.com/yorowon37/222915376118
302,https://blog.naver.com/goldrichgroup/222776668471
303,https://blog.naver.com/jedi_anakin/222894337413
304,https://blog.naver.com/webbul/222614677502
305,https://blog.naver.com/dementianews/222625938278
306,https://blog.naver.com/aria6620/222817265375
307,https://blog.naver.com/sbom2015/222788073475
308,https://blog.naver.com/dodreamgj/222655657182
309,https://blog.naver.com/ahgusrhdwn/222846520585
310,https://blog.naver.com/haenamgunpr/222766077510
311,https://blog.naver.com/gangseosmile_2015/222887910119
312,https://blog.naver.com/alsdud9406/222916144510
313,https://blog.naver.com/impear/222898108244
314,https://blog.naver.com/postpr/222837159802
315,https://blog.naver.com/ch6116ch/222696871924
316,https://blog.naver.com/uma1986/222687092343
317,https://blog.naver.com/hiksanin/222766462309
318,https://blog.naver.com/seoj1451/222857328944
319,https://blog.naver.com/kka002486/222829012757
320,https://blog.naver.com/degrade6024/222886468119
321,https://blog.naver.com/bomnal9101/222833433095
322,https://blog.naver.com/hhwjh/222848373292
323,https://blog.naver.com/riot22/222896866601
324,https://blog.naver.com/readin6775/222744685690
325,https://blog.naver.com/gangbu09/222618641887
326,https://blog.naver.com/eloomsecurity/222915530482
327,https://blog.naver.com/terrific4154/222705695237
328,https://blog.naver.com/gtvip/222731324919
329,https://blog.naver.com/ahgusrhdwn/222811343701
330,https://blog.naver.com/handuru/222655300607
331,https://blog.naver.com/arum17k/222706654815
332,https://blog.naver.com/cowboy1958/222693886447
333,https://blog.naver.com/shha888/222897053452
334,https://blog.naver.com/riskartist/222759080740
335,https://blog.naver.com/bswoman/222643801501
336,https://blog.naver.com/komo5659/222708108366
337,https://blog.naver.com/bomnal9101/222785329703
338,https://blog.naver.com/8761253/222856945525
339,https://blog.naver.com/clean127/222788038337
340,https://blog.naver.com/bear790912/222827776942
341,https://blog.naver.com/okyes0612/222650768000
342,https://blog.naver.com/skjung114/222709625763
343,https://blog.naver.com/cds2005/222784010687
344,https://blog.naver.com/dybsonge/222874282180
345,https://blog.naver.com/entertain768/222902610763
346,https://blog.naver.com/salangmarket/222678147821
347,https://blog.naver.com/portan1/222664336180
348,https://blog.naver.com/minye21/222807057575
349,https://blog.naver.com/tvanyanggokr/222637731620
350,https://blog.naver.com/ariacare-munhaw/222738479818
351,https://blog.naver.com/stepping20/222721797129
352,https://blog.naver.com/nuacmail/222775631261
353,https://blog.naver.com/sbom2011/222703830223
354,https://blog.naver.com/chair2019/222718056628
355,https://blog.naver.com/chair2019/222908778635
356,https://blog.naver.com/jeongeupnews/222875141806
357,https://blog.naver.com/bene1965/222703957933
358,https://blog.naver.com/psh1951/222790968205
359,https://blog.naver.com/sbom2015/222664345485
360,https://blog.naver.com/miha424/222801451978
361,https://blog.naver.com/solmc6400/222632599656
362,https://blog.naver.com/jwcch/222688345863
363,https://cbpolice.tistory.com/3395
364,https://blog.naver.com/mjs2267/222875928188
365,https://blog.naver.com/inbnet/222738501989
366,https://blog.naver.com/pan0077/222765121261
367,https://blog.naver.com/cskw11/222610811992
368,https://blog.naver.com/2580press/222874789710
369,https://blog.naver.com/solmc6400/222653338140
370,https://blog.naver.com/chdlawyer/222851003743
371,https://blog.naver.com/mariabok/222793076585
372,https://blog.naver.com/sooji8924/222764964235
373,https://power-sleeper.tistory.com/203
374,https://blog.naver.com/aj_hospital/222867450772
375,https://blog.naver.com/kkk0063/222844775682
376,https://blog.naver.com/primavera5177/222868592506
377,https://copyday.tistory.com/entry/%ED%98%B8%EC%88%98%EC%97%90-%EC%9E%A0%EA%B8%B4-%EC%B6%A9%EA%B2%A9%EC%A0%81%EC%9D%B8-%EB%B9%84%EB%B0%80-%EC%9D%B4%EC%95%BC%EA%B8%B0-%EC%98%81%ED%99%94-%ED%8C%8C%EB%A1%9C%ED%98%B8-Drown-2022?category=646183
378,https://blog.naver.com/59kos/222629831889
379,https://blog.naver.com/2580press/222858129259
380,https://blog.naver.com/idea2826/222791126971
381,https://blog.naver.com/phrase8124/222869584551
382,https://blog.naver.com/jjini2232/222761169523
383,https://blog.naver.com/sbom2011/222619483100
384,https://blog.naver.com/sunnyfoundation/222691094973
385,https://blog.naver.com/swdeee/222682238608
386,https://blog.naver.com/pjcare1/222848871005
387,https://blog.naver.com/minye21/222761361894
388,https://blog.naver.com/cjcityblog/222772442509
389,https://blog.naver.com/claodkstla033/222861846223
390,https://blog.naver.com/silverbell_since2019/222648127019
391,https://blog.naver.com/policemango/222681941676
392,https://blog.naver.com/seouldesks/222836210015
393,https://blog.naver.com/chair2019/222710540265
394,https://blog.naver.com/sbom2015/222853199605
395,https://blog.naver.com/on1127/222786128918
396,https://blog.naver.com/wlsgml2789/222800770195
397,https://blog.naver.com/tlsdnjstk/222700452049
398,https://blog.naver.com/alpacochae/222628929921
399,https://blog.naver.com/grateful10084/222813682647
400,https://blog.naver.com/sacheoncity/222780744417
401,https://blog.naver.com/ahbuja1/222695514183
402,https://blog.naver.com/chair2019/222806980198
403,https://blog.naver.com/yimoon616/222794992635
404,https://blog.naver.com/jhsh9816/222721963201
405,https://blog.naver.com/vitacenter/222907334667
406,https://blog.naver.com/jimms301/222650475819
407,https://blog.naver.com/nana870314/222746691897
408,https://blog.naver.com/noonjaragi/222910401564
409,https://blog.naver.com/younghanlife/222855349255
410,https://blog.naver.com/gchan77/222817869899
411,https://smartsmpa.tistory.com/7284
412,https://blog.naver.com/dinodinong3/222770938782
413,https://blog.naver.com/qhanfdbfla/222903998961
414,https://blog.naver.com/21simon/222827965967
415,https://blog.naver.com/hyj6609/222856621806
416,https://blog.naver.com/rapasilver/222743054913
417,https://blog.naver.com/taki7877/222747211852
418,https://blog.naver.com/ds2qgd/222734883660
419,https://blog.naver.com/kayoung2001/222738533236
420,https://blog.naver.com/utopia6630/222618152949
421,https://blog.naver.com/kw1359/222849983088
422,https://blog.naver.com/ox1026/222682904021
423,https://blog.naver.com/polinlove2/222905622328
424,https://blog.naver.com/gbom6600/222751940108
425,https://blog.naver.com/bluered1008/222806357333
426,https://blog.naver.com/sbom2011/222793159760
427,https://blog.naver.com/sattoefl/222727639349
428,https://blog.naver.com/ejrwls1/222904234505
429,https://blog.naver.com/dusonmoa100/222727097964
430,https://blog.naver.com/miluguu300/222883474178
431,https://blog.naver.com/jhlee031/222885149904
432,https://blog.naver.com/80quddkfl/222782348008
433,https://blog.naver.com/handicapinews/222744695660
434,https://blog.naver.com/5iing/222752245232
435,https://blog.naver.com/wondangnoble/222657749234
436,https://blog.naver.com/ulsan_nuri/222878805783
437,https://blog.naver.com/komo5659/222783962870
438,https://blog.naver.com/tkdyfl66/222626021486
439,https://blog.naver.com/chair2019/222790400710
440,https://blog.naver.com/shha888/222852241548
441,https://blog.naver.com/pgh5307/222822692697
442,https://blog.naver.com/yes1676/222783604704
443,https://blog.naver.com/kohj007/222749673760
444,https://blog.naver.com/pcnorkr/222893982327
445,https://blog.naver.com/2019december/222862725520
446,https://blog.naver.com/wanjugun/222879634363
447,https://blog.naver.com/skygreenlemon/222835430130
448,https://blog.naver.com/sbom2011/222691000683
449,https://blog.naver.com/dd-care/222909918900
450,https://blog.naver.com/4622jhk/222903612685
451,https://blog.naver.com/bgb1234/222849365541
452,https://blog.naver.com/l680502lee/222705178178
453,https://blog.naver.com/claodkstla033/222861186576
454,https://blog.naver.com/byunmk78/222734882232
455,https://blog.naver.com/allenhan/222764108486
456,https://blog.naver.com/welfare365/222864659258
457,https://power-sleeper.tistory.com/entry/%EC%B9%98%EB%A7%A4%EB%A1%9C-%EC%9D%98%EC%8B%AC%EB%90%A0-%EB%95%8C%EB%8A%94-%EC%96%B4%EB%96%BB%EA%B2%8C-%ED%95%B4%EC%95%BC-%ED%95%98%EB%82%98%EC%9A%94
458,https://blog.naver.com/hohaha461/222800766501
459,https://blog.naver.com/minye21/222849541784
460,https://blog.naver.com/kjw7756665/222909060077
461,https://blog.naver.com/jowoon2702/222786871928
462,https://blog.naver.com/ddogasw/222730851378
463,https://blog.naver.com/lovetree0288/222638271755
464,https://blog.naver.com/5475577/222881064874
465,https://blog.naver.com/sarangchae5334/222846608885
466,https://blog.naver.com/siheungblog/222881997826
467,https://blog.naver.com/pgh5307/222792889496
468,https://blog.naver.com/hyo5776/222784159131
469,https://blog.naver.com/iyu0202/222854396595
470,https://blog.naver.com/lpjini1004/222658246257
471,https://blog.naver.com/1965pp/222708434621
472,https://blog.naver.com/flyali/222862392021
473,https://blog.naver.com/ogumchal/222879807842
474,https://blog.naver.com/flyali/222776564698
475,https://blog.naver.com/ysimmall/222713716873
476,https://blog.naver.com/lagnieu/222627355218
477,https://blog.naver.com/yeonsulife/222874475047
478,https://blog.naver.com/pcnorkr/222881116613
479,https://blog.naver.com/catiee/222862659749
480,https://blog.naver.com/duckjiny/222809293744
481,https://blog.naver.com/core68/222789810809
482,https://blog.naver.com/sharpgirl98/222789486432
483,https://blog.naver.com/bomnal9101/222864633268
484,https://blog.naver.com/dnbnnews/222714010598
485,https://blog.naver.com/ulsan-namgu/222676017027
486,https://blog.naver.com/lbhbird/222765253735
487,https://blog.naver.com/irueora/222875073008
488,https://blog.naver.com/yssc19225/222880521842
489,https://blog.naver.com/chair2019/222646951962
490,https://blog.naver.com/silveritv/222894352882
491,https://blog.naver.com/kndaycare/222910073483
492,https://blog.naver.com/lsmcine/222640784096
493,https://blog.naver.com/ng1507/222697316222
494,https://blog.naver.com/silveritv/222829639210
495,https://blog.naver.com/saint8712/222704801831
496,https://blog.naver.com/bohun_/222663565921
497,https://blog.naver.com/qkrtndus8300/222635642209
498,https://blog.naver.com/waninae/222897866918
499,https://blog.naver.com/treewg/222836635309
500,https://blog.naver.com/transporte12/222612197285
501,https://blog.naver.com/rights1999/222644657605
502,https://blog.naver.com/gaon-0523/222651252603
503,https://blog.naver.com/gagahoho365/222832790345
504,https://blog.naver.com/blue2969125/222853337747
505,https://blog.naver.com/shha888/222909775264
506,https://blog.naver.com/acedu0119/222808301065
507,https://blog.naver.com/ash1106/222880908293
508,https://blog.naver.com/dongi0508/222704595082
509,https://blog.naver.com/chair2019/222710539444
510,https://blog.naver.com/train212/222868307144
511,https://blog.naver.com/misa1250/222724935361
512,https://blog.naver.com/dolvoin9911/222882339516
513,https://blog.naver.com/kotechmarket/222887174237
514,https://blog.naver.com/zephyros0/222896560508
515,https://blog.naver.com/dlskatj27199/222780681649
516,https://blog.naver.com/orogi78/222833245918
517,https://blog.naver.com/bomnal9101/222705929924
518,https://blog.naver.com/jiyeon8209/222671918324
519,https://blog.naver.com/dhgytjr55/222795177425
520,https://blog.naver.com/yosi0103/222649270307
521,https://blog.naver.com/gyeonggi_gov/222817131587
522,https://blog.naver.com/lowensteinkorea/222700746304
523,https://blog.naver.com/ng1507/222756266904
524,https://blog.naver.com/ajw0704/222857035615
525,https://blog.naver.com/notsilly/222884378828
526,https://blog.naver.com/c106507/222770965029
527,https://blog.naver.com/gnfeel/222698390945
528,https://blog.naver.com/asiainews/222881217611
529,https://blog.naver.com/minisysyuna/222765501653
530,https://blog.naver.com/street1392/222759994248
531,https://blog.naver.com/kangminj/222736926388
532,https://blog.naver.com/riskartist/222807583245
533,https://blog.naver.com/eunjini870902/222641036055
534,https://blog.naver.com/jongno0401/222686961883
535,https://blog.naver.com/pusol0113/222871737646
536,https://blog.naver.com/winone100/222795552680
537,https://blog.naver.com/xogk9915/222857214420
538,https://blog.naver.com/seoulkorea02/222672524830
539,https://blog.naver.com/amapolala/222848756899
540,https://blog.naver.com/xoneworld/222853429922
541,https://blog.naver.com/s_gerrard90/222828942391
542,https://blog.naver.com/anseong_ansim/222869885710
543,https://blog.naver.com/spogym011/222635666023
544,https://blog.naver.com/pse961109/222837108921
545,https://blog.naver.com/bjpbear/222703072930
546,https://blog.naver.com/convince1745/222804649029
547,https://blog.naver.com/hee709ho/222858052306
548,https://blog.naver.com/meaning87/222710110326
549,https://blog.naver.com/bomnal9101/222809469575
550,https://blog.naver.com/flyali/222671305201
551,https://blog.naver.com/srhymin/222905557602
552,https://blog.naver.com/edukim0705/222873622583
553,https://blog.naver.com/silvers100/222881226747
554,https://blog.naver.com/kst3175/222802430235
555,https://blog.naver.com/srhnf/222646179036
556,https://blog.naver.com/mms030716/222880025082
557,https://blog.naver.com/guri9279/222837116182
558,https://blog.naver.com/osan_si/222701359337
559,https://blog.naver.com/sancheongnews/222624138204
560,https://blog.naver.com/bomnal9101/222808259045
561,https://blog.naver.com/db2036/222616397520
562,https://blog.naver.com/fpsk1202/222860859010
563,https://blog.naver.com/byunmk78/222877820442
564,https://blog.naver.com/toktalkedulab/222906516583
565,https://blog.naver.com/ab153715/222899676825
566,https://blog.naver.com/daramjuo/222909697663
567,https://blog.naver.com/corudcorud1/222768960447
568,https://blog.naver.com/koop321/222611822633
569,https://blog.naver.com/silveritv/222828142540
570,https://blog.naver.com/chunjungsoon/222896746033
571,https://blog.naver.com/pipcpr/222612449736
572,https://blog.naver.com/cuteshor/222774666749
573,https://blog.naver.com/realskin/222785794501
574,https://blog.naver.com/anseong_ansim/222807554515
575,https://blog.naver.com/smartwoman1/222896795141
576,https://blog.naver.com/dementianews/222845848877
577,https://blog.naver.com/psw1062/222744348371
578,https://blog.naver.com/ox1026/222737286653
579,https://blog.naver.com/seoul911ems/222833142872
580,https://blog.naver.com/2580press/222718886875
581,https://blog.naver.com/opera1472/222782019237
582,https://blog.naver.com/tando0226/222764740303
583,https://blog.naver.com/tzp1015/222617531489
584,https://blog.naver.com/ghsc1128/222647177578
585,https://blog.naver.com/orionblog/222878726763
586,https://blog.naver.com/bomnal9101/222692990515
587,https://blog.naver.com/ssh6993/222756905981
588,https://blog.naver.com/picture5957/222913338217
589,https://blog.naver.com/handicapinews/222897584098
590,https://blog.naver.com/pitapatlucky/222697373921
591,https://jjs5525.tistory.com/394
592,https://blog.naver.com/songtan_aria/222868541057
593,https://blog.naver.com/luckymasiwoo/222836393862
594,https://blog.naver.com/chair2019/222751907418
595,https://zero-news.tistory.com/424
596,https://blog.naver.com/thecm11/222804265194
597,https://blog.naver.com/geno61/222791225919
598,https://blog.naver.com/katienglish/222898610086
599,https://blog.naver.com/chair2019/222734043939
600,https://blog.naver.com/gbom6600/222867061630
601,https://blog.naver.com/memory21l/222707255298
602,https://blog.naver.com/komo5659/222718365466
603,https://blog.naver.com/smart4season/222813832739
604,https://jingoo.tistory.com/entry/%EB%AF%B8%EC%95%84%EB%B0%A9%EC%A7%80-%EC%A7%80%EB%AC%B8%EB%93%B1%EB%A1%9D-%EC%A0%9C%EB%8F%84-%EC%95%8C%EC%95%84%EB%B3%B4%EA%B8%B0
605,https://blog.naver.com/ulsan-namgu/222756601319
606,https://blog.naver.com/ilsan-su/222728518341
607,https://mangoistree.tistory.com/entry/%EC%A7%80%EB%AC%B8-%EC%82%AC%EC%A0%84%EB%93%B1%EB%A1%9D%EC%A0%9C-%EC%9C%A0%EC%95%84-%EC%95%84%EB%8F%99-%EC%B9%98%EB%A7%A4%ED%99%98%EC%9E%90-%EC%A7%80%EC%A0%81%EC%9E%A5%EC%95%A0%EC%9D%B8%EB%93%B1-%EC%8B%A4%EC%A2%85%EB%8C%80%EB%B9%84-%ED%95%98%EA%B8%B0?category=952359?category=952359
608,https://blog.naver.com/decadelater/222875186944
609,https://blog.naver.com/leekiza/222661105101
610,https://blog.naver.com/komacon01/222668973188
611,https://blog.naver.com/ddogasw/222899163887
612,https://blog.naver.com/chair2019/222780563905
613,https://blog.naver.com/mandu7375/222782481245
614,https://blog.naver.com/jennyboram/222903065605
615,https://blog.naver.com/temploc/222772355862
616,https://blog.naver.com/eshorse/222746480157
617,https://blog.naver.com/kys3623/222898343410
618,https://blog.naver.com/kohj007/222645478148
619,https://blog.naver.com/finreview4120/222744161627
620,https://blog.naver.com/bloooomin/222736892797
621,https://blog.naver.com/joayo21/222610768243
622,https://blog.naver.com/kobcpr/222903348305
623,https://blog.naver.com/rhwnghk123/222618993741
624,https://blog.naver.com/mitra1004/222793923918
625,https://blog.naver.com/egeyouri/222865982913
626,https://blog.naver.com/mrbluesky7/222719610467
627,https://blog.naver.com/swdeee/222682167580
628,https://blog.naver.com/daolday/222734408883
629,https://blog.naver.com/nandi1/222876211710
630,https://blog.naver.com/kbs5553/222712198955
631,https://blog.naver.com/tomoyon/222732008485
632,https://blog.naver.com/happy_snubh/222880639107
633,https://blog.naver.com/klarsoul83/222901056989
634,https://blog.naver.com/lmsism/222875117806
635,https://blog.naver.com/pjcare1/222879366966
636,https://blog.naver.com/pgh5307/222828012597
637,https://blog.naver.com/medicaljournalist/222850597800
638,https://blog.naver.com/gumu34/222900322060
639,https://blog.naver.com/hhchurch8/222883671462
640,https://blog.naver.com/policemango/222916017748
641,https://blog.naver.com/sunhongxia/222783673986
642,https://blog.naver.com/sweet06m/222889183208
643,https://blog.naver.com/free6714/222791717217
644,https://blog.naver.com/wjddn0527/222746495554
645,https://blog.naver.com/ja38400/222874597132
646,https://blog.naver.com/chsa1250/222715643856
647,https://blog.naver.com/camy101/222737267832
648,https://blog.naver.com/balance2727/222867155654
649,https://blog.naver.com/skynp5425/222710902004
650,https://blog.naver.com/run7572/222691931404
651,https://blog.naver.com/incheondonggu/222836621594
652,https://blog.naver.com/sonsonyh/222622216825
653,https://blog.naver.com/hwa05093/222749485128
654,https://blog.naver.com/wnsdl1211/222879391940
655,https://blog.naver.com/seoul911ems/222855422177
656,https://blog.naver.com/yeongdong_gun/222832759580
657,https://blog.naver.com/bomnal9101/222794579273
658,https://blog.naver.com/danbeeyoun/222803672292
659,https://blog.naver.com/yaya8795/222625588766
660,https://blog.naver.com/pjcare1/222875216780
661,https://blog.naver.com/ldj0173/222902470876
662,https://blog.naver.com/coding_playground/222898189144
663,https://blog.naver.com/chair2019/222915396671
664,https://blog.naver.com/sinyboy/222638489941
665,https://blog.naver.com/rkqlfld/222714302298
666,https://blog.naver.com/chinazhen/222814437521
667,https://blog.naver.com/wks9498/222742587130
668,https://blog.naver.com/servewelfare/222895255451
669,https://blog.naver.com/miwain/222889273319
670,https://blog.naver.com/sharp10810/222662279929
671,https://blog.naver.com/ahappyoldman/222783810256
672,https://blog.naver.com/polinlove2/222692359378
673,https://blog.naver.com/finreview4120/222877699828
674,https://blog.naver.com/fpsk1202/222746297572
675,https://blog.naver.com/zjvl851/222848490986
676,https://blog.naver.com/san-naedeul/222874537061
677,https://blog.naver.com/chair2019/222854729938
678,https://blog.naver.com/goodsilver68/222840543160
679,https://blog.naver.com/yshwang789/222875097379
680,https://blog.naver.com/dgjunggu/222744365988
681,https://blog.naver.com/rla4wls/222916153292
682,https://blog.naver.com/sd2hd-center/222615238510
683,https://blog.naver.com/anseong_ansim/222860951479
684,https://blog.naver.com/2019december/222878778068
685,https://blog.naver.com/naheer/222883315159
686,https://blog.naver.com/beautifultiger653/222747487877
687,https://blog.naver.com/happyh2015/222646684636
688,https://blog.naver.com/zen7759/222909621679
689,https://blog.naver.com/jyeongblue/222882261086
690,https://blog.naver.com/vision1293/222720972993
691,https://blog.naver.com/naninkan/222716328565
692,https://blog.naver.com/ljs7811/222639375502
693,https://blog.naver.com/rnjsdudxkr91/222616835929
694,https://blog.naver.com/leedh910/222877820478
695,https://blog.naver.com/bomnal9101/222757613553
696,https://blog.naver.com/solmc6400/222647084578
697,https://blog.naver.com/pgh5307/222789566075
698,https://blog.naver.com/solmc6400/222735402346
699,https://blog.naver.com/solmc6400/222672090175
700,https://blog.naver.com/sbom2011/222854898873
701,https://blog.naver.com/bomnal9101/222719334602
702,https://blog.naver.com/enaksss/222807744049
703,https://blog.naver.com/lovedonald00/222905473854
704,https://blog.naver.com/generate8534/222837651565
705,https://blog.naver.com/byunmk78/222797529657
706,https://blog.naver.com/j1392497/222870499193
707,https://blog.naver.com/nbnnews1/222718408449
708,https://blog.naver.com/sisa5992/222765937394
709,https://blog.naver.com/jkh061112/222618271400
710,https://blog.naver.com/shyc012/222757017953
711,https://blog.naver.com/bomnal9101/222747011041
712,https://blog.naver.com/newsenior1/222881563032
713,https://blog.naver.com/ch6116ch/222801883552
714,https://blog.naver.com/wellspago/222838713738
715,https://blog.naver.com/recovery1212/222730223530
716,https://blog.naver.com/cyw1047/222725928757
717,https://blog.naver.com/solmc6400/222629961847
718,https://blog.naver.com/kbs790807/222915010605
719,https://blog.naver.com/primehyo/222617628301
720,https://blog.naver.com/ad_new/222681576613
721,https://blog.naver.com/sisa5992/222624534404
722,https://blog.naver.com/seree11/222668550534
723,https://blog.naver.com/elmonde_korea/222642373881
724,https://blog.naver.com/smilepuppy21/222720879395
725,https://blog.naver.com/silver_been_2021/222665683022
726,https://blog.naver.com/yokkaul/222890002139
727,https://blog.naver.com/yimoon616/222616433514
728,https://blog.naver.com/ekrxjtmdydidtpsxj/222872667416
729,https://blog.naver.com/gdmaeul/222817050330
730,https://blog.naver.com/jjanji65/222905412672
731,https://blog.naver.com/gbom6600/222654390820
732,https://blog.naver.com/taewonm/222761478866
733,https://blog.naver.com/jiso0319/222852640624
734,https://blog.naver.com/kepcoa/222771631149
735,https://blog.naver.com/chair2019/222690975352
736,https://blog.naver.com/sbom2011/222807074328
737,https://blog.naver.com/bausw520/222858570435
738,https://blog.naver.com/kdnews21/222655821750
739,https://blog.naver.com/wlgpd1109/222780522824
740,https://blog.naver.com/letshug/222719270732
741,https://blog.naver.com/kasanobano14/222791370270
742,https://blog.naver.com/nilgi89/222617403138
743,https://blog.naver.com/k780513/222775251124
744,https://blog.naver.com/leedh910/222877822563
745,https://blog.naver.com/gbom6600/222908851805
746,https://blog.naver.com/jest-hope/222725983452
747,https://blog.naver.com/dementianews/222695355090
748,https://blog.naver.com/eunsun4000/222642103748
749,https://blog.naver.com/komo5659/222897327696
750,https://blog.naver.com/nbnnews1/222763133647
751,https://blog.naver.com/gbom6600/222780647055
752,https://blog.naver.com/dudghsrndnjs153/222843645500
753,https://blog.naver.com/gokory/222661848399
754,https://smartsmpa.tistory.com/7763
755,https://blog.naver.com/46marga/222883498242
756,https://blog.naver.com/kuenyoun/222747754819
757,https://blog.naver.com/dangjin2030/222643814481
758,https://blog.naver.com/fpsk1202/222687826453
759,https://blog.naver.com/clean127/222851333892
760,https://blog.naver.com/ozcos101/222656703879
761,https://blog.naver.com/stardw0124/222801340210
762,https://blog.naver.com/chair2019/222734042960
763,https://blog.naver.com/bsh3620/222898390585
764,https://blog.naver.com/sisa5992/222711687019
765,https://blog.naver.com/ironman236/222876234743
766,https://blog.naver.com/blueumio2/222883578776
767,https://blog.naver.com/gbnews/222809868778
768,https://blog.naver.com/workerhong/222894736863
769,https://blog.naver.com/dnbnnews/222899019313
770,https://blog.naver.com/town5262/222757242780
771,https://blog.naver.com/geniikicho/222643667825
772,https://blog.naver.com/06rnftkrrl/222818880204
773,https://blog.naver.com/930yang/222892872617
774,https://blog.naver.com/polinlove2/222880556928
775,https://blog.naver.com/wlsgud0301/222626548235
776,https://blog.naver.com/ikhh446/222875604125
777,https://blog.naver.com/wemother79/222911878092
778,https://blog.naver.com/bsko749/222875139438
779,https://blog.naver.com/mijeong_park/222624907377
780,https://blog.naver.com/goldncross/222851936785
781,https://blog.naver.com/box4019/222727126192
782,https://blog.naver.com/chungnamdojung/222857834660
783,https://blog.naver.com/jiasoft/222804715188
784,https://blog.naver.com/bomnal9101/222810954130
785,https://blog.naver.com/ojsider/222870895491
786,https://blog.naver.com/wmsc0202/222912315162
787,https://blog.naver.com/honey7341/222656488879
788,https://blog.naver.com/dr89721/222653748684
789,https://blog.naver.com/expert8158/222610757781
790,https://blog.naver.com/yc100000kr/222831448209
791,https://blog.naver.com/dwan07/222610734424
792,https://blog.naver.com/yalli23/222721668838
793,https://blog.naver.com/varadori/222902208979
794,https://blog.naver.com/bomnal9101/222861847678
795,https://blog.naver.com/letshug/222625851630
796,https://blog.naver.com/sbom2015/222768442570
797,https://blog.naver.com/bogunso09/222617978845
798,https://blog.naver.com/sarangseomkim/222846494647
799,https://blog.naver.com/gyeongbuknid/222862746822
800,https://blog.naver.com/wnsdl1211/222878580683
801,https://blog.naver.com/lee8707200/222845671389
802,https://blog.naver.com/kys3623/222710349020
803,https://blog.naver.com/bend8626/222910924746
804,https://blog.naver.com/binna815/222653137195
805,https://blog.naver.com/krl424/222800571383
806,https://blog.naver.com/sbom2011/222625530584
807,https://blog.naver.com/hellopolicy/222913132402
808,https://blog.naver.com/satleceo/222876245492
809,https://blog.naver.com/cskcr/222806995800
810,https://blog.naver.com/dementianews/222903782034
811,https://blog.naver.com/pipcpr/222612931877
812,https://blog.naver.com/white85710/222705120573
813,https://blog.naver.com/dgjunggu/222631682155
814,https://blog.naver.com/solmc6400/222617657439
815,https://blog.naver.com/onlove1577/222912927124
816,https://kimini.co.kr/50549
817,https://blog.naver.com/mjs2267/222908789714
818,https://blog.naver.com/nea0987/222752368378
819,https://blog.naver.com/servewelfare/222810259031
820,https://blog.naver.com/skywon65/222886480602
821,https://blog.naver.com/primakyh1225/222647849273
822,https://blog.naver.com/reumongshop/222695652396
823,https://blog.naver.com/wanjugun/222863220022
824,https://blog.naver.com/bomnal9101/222729562240
825,https://blog.naver.com/chair2019/222780563192
826,https://blog.naver.com/gangseodm/222909149004
827,https://blog.naver.com/dlskatj27199/222767638085
828,https://blog.naver.com/sominlee1004/222853977211
829,https://blog.naver.com/sadkoala741/222752612746
830,https://blog.naver.com/shalom6697/222747554405
831,https://blog.naver.com/etkjh007/222610694789
832,https://blog.naver.com/werjazz/222809924014
833,https://blog.naver.com/yskk0714/222824480346
834,https://blog.naver.com/itotaku/222878776348
835,https://blog.naver.com/chkh506/222727013512
836,https://blog.naver.com/gbom6600/222790408388
837,https://blog.naver.com/bssasanggu/222775721760
838,https://blog.naver.com/gksk777/222621350854
839,https://blog.naver.com/dkflfkd3090/222858602486
840,https://blog.naver.com/nept2015/222651130475
841,https://blog.naver.com/sitergmi/222646743747
842,https://blog.naver.com/sntjdska123/222899383017
843,https://blog.naver.com/daall0153/222695259494
844,https://blog.naver.com/elaborate9979/222880297316
845,https://blog.naver.com/hijiwoo85/222688213016
846,https://www.news700.kr/9741
847,https://blog.naver.com/wks9498/222808148030
848,https://blog.naver.com/carejang1/222611627128
849,https://blog.naver.com/siheungblog/222857646577
850,https://blog.naver.com/myiwoory3/222836369177
851,https://blog.naver.com/dldbtjd1q/222818005881
852,https://blog.naver.com/solomoncd/222894394864
853,https://blog.naver.com/wingbuddy_/222915529254
854,https://blog.naver.com/mjs2267/222627496400
855,https://blog.naver.com/yc100000kr/222837727138
856,https://blog.naver.com/seouldesks/222808299168
857,https://blog.naver.com/scnambh1/222738227216
858,https://blog.naver.com/satleceo/222742617437
859,https://blog.naver.com/leebangheui/222826794964
860,https://blog.naver.com/couple8351/222685760717
861,https://blog.naver.com/yd_yeongsim2/222856078583
862,https://blog.naver.com/luckymasiwoo/222849478915
863,https://blog.naver.com/wks9498/222827584602
864,https://blog.naver.com/songsb4125/222736771471
865,https://blog.naver.com/newsenior1/222767058670
866,https://blog.naver.com/hiksanin/222867714180
867,https://blog.naver.com/gjcityi/222861295912
868,https://blog.naver.com/bomnal9101/222837160148
869,https://blog.naver.com/lawyer_withyou/222664056292
870,https://blog.naver.com/0208deok/222811883139
871,https://blog.naver.com/sgnam10/222796132732
872,https://blog.naver.com/slow0912/222839780643
873,https://blog.naver.com/s041300/222879178347
874,https://blog.naver.com/rlagos99/222900487488
875,https://blog.naver.com/mcst_pr/222782776899
876,https://blog.naver.com/jed1208/222684785860
877,https://blog.naver.com/thebest2207/222721752818
878,https://blog.naver.com/koream1208/222792112024
879,https://blog.naver.com/bomnal9101/222699304641
880,https://blog.naver.com/gagahoho365/222881150059
881,https://blog.naver.com/gimjecityhall/222799683139
882,https://blog.naver.com/fojesus/222703063471
883,https://blog.naver.com/byunmk78/222877773355
884,https://blog.naver.com/seouldesks/222833497620
885,https://blog.naver.com/tbcatshj/222817274142
886,https://blog.naver.com/whaldzl/222843005165
887,https://blog.naver.com/shha888/222894797056
888,https://blog.naver.com/sbom2015/222708925769
889,https://blog.naver.com/seosanpost/222896424900
890,https://blog.naver.com/lubkhaki/222832152961
891,https://blog.naver.com/asanstory/222643719900
892,https://blog.naver.com/rkdmfqkfka987/222702870075
893,https://blog.naver.com/lubkhaki/222847568094
894,https://blog.naver.com/yd_yeongsim2/222904490008
895,https://blog.naver.com/tenis8282/222639853985
896,https://power-sleeper.tistory.com/entry/%EC%B9%98%EB%A7%A4-%EC%9E%90%EA%B0%80-%EC%A7%84%EB%8B%A8-%EC%B9%98%EB%A7%A4-%EC%B2%B4%ED%81%AC-%EC%96%B4%ED%94%8C-%EC%95%8C%EC%95%84%EB%B3%B4%EA%B8%B0
897,https://bestshare.tistory.com/1330
898,https://blog.naver.com/seouldesks/222882346683
899,https://esmcenter.tistory.com/13937
900,https://blog.naver.com/kiwi111/222836490489
901,https://blog.naver.com/jnp2021/222911906394
902,https://blog.naver.com/selftree12/222706056252
903,https://blog.naver.com/myphenomen/222619806729
904,https://blog.naver.com/jongno0401/222905411425
905,https://blog.naver.com/workerhong/222797543127
906,https://blog.naver.com/sbom2015/222865503410
907,https://blog.naver.com/workerhong/222610760500
908,https://blog.naver.com/sbom2011/222804245306
909,https://blog.naver.com/buldomoon/222631175087
910,https://edge2it.tistory.com/5635
911,https://blog.naver.com/koop321/222627765433
912,https://blog.naver.com/inter_news/222914494011
913,https://blog.naver.com/kidscog/222720496155
914,https://blog.naver.com/yanink/222650473596
915,https://blog.naver.com/dusonmoa100/222620669752
916,https://blog.naver.com/bomnal9101/222764216559
917,https://esmcenter.tistory.com/13744
918,https://blog.naver.com/tove9979/222611914432
919,https://blog.naver.com/gktkrk/222698973352
920,https://blog.naver.com/serve_as_servant/222873793930
921,https://blog.naver.com/withinarts/222837185986
922,https://blog.naver.com/hd-books/222913366332
923,https://blog.naver.com/wizrealty/222911158350
924,https://blog.naver.com/rudckfdlrltjs/222889169255
925,https://blog.naver.com/gbom6600/222612401395
926,https://blog.naver.com/usbukgu/222812490184
927,https://blog.naver.com/yongbaek1104/222905220251
928,https://blog.naver.com/4262088/222808322501
929,https://blog.naver.com/bomnal9101/222801865197
930,https://blog.naver.com/chair2019/222878350906
931,https://blog.naver.com/yuribada1/222611115662
932,https://blog.naver.com/chair2019/222912829741
933,https://blog.naver.com/rodemhs5658/222680927026
934,https://blog.naver.com/queaven/222888671695
935,https://blog.naver.com/mohw2016/222880287269
936,https://blog.naver.com/scd6209/222898384073
937,https://blog.naver.com/cheongmipub/222815688434
938,https://blog.naver.com/yh0920b/222651588609
939,https://blog.naver.com/waninae/222845280426
940,https://blog.naver.com/seosanpost/222875511387
941,https://blog.naver.com/jss7166/222863421410
942,https://blog.naver.com/elmonde_korea/222633791943
943,https://black-velvet.tistory.com/entry/%EC%B9%98%EB%A7%A4-%EC%B9%9C%ED%99%94-%ED%99%98%EA%B2%BD-%EC%A1%B0%EC%84%B1%EC%9D%84-%EC%9C%84%ED%95%9C-%EB%B0%B0%ED%9A%8C%EA%B0%90%EC%A7%80%EA%B8%B0-%EB%AC%B4%EC%83%81-%EB%B3%B4%EA%B8%89-%EB%93%B1-%EC%A7%80%EC%9B%90
944,https://blog.naver.com/tantan29082/222659518011
945,https://blog.naver.com/hage_c/222753343226
946,https://blog.naver.com/danbi1192/222830971408
947,https://www.news700.kr/9600
948,https://blog.naver.com/apple515228/222727216060
949,https://blog.naver.com/mjs2267/222655291150
950,https://blog.naver.com/impear/222852302158
951,https://blog.naver.com/gyeongbuknid/222898009182
952,https://blog.naver.com/diart97/222875617644
953,https://blog.naver.com/wnsdl1211/222620624035
954,https://blog.naver.com/leauteur/222755360903
955,https://blog.naver.com/chair2019/222790398902
956,https://blog.naver.com/bumo2018/222793755859
957,https://blog.naver.com/2876633/222617794310
958,https://blog.naver.com/ekfgo95/222903811253
959,https://blog.naver.com/hayoung1510/222611921136
960,https://blog.naver.com/dobong3591/222731513569
961,https://blog.naver.com/bogunso09/222641340976
962,https://roneworld.tistory.com/802
963,https://blog.naver.com/dbfrhrrnswk/222860277094
964,https://blog.naver.com/dkflfkd3090/222890474660
965,https://blog.naver.com/sbom2011/222908796768
966,https://blog.naver.com/chair2019/222867048343
967,https://blog.naver.com/kys3623/222721643338
968,https://blog.naver.com/sodam00493/222738383095
969,https://blog.naver.com/okjoa012/222837039434
970,https://blog.naver.com/cjfalwns2/222651562990
971,https://blog.naver.com/chair2019/222902232840
972,https://blog.naver.com/mjs2267/222627706667
973,https://blog.naver.com/inbnet/222875327676
974,https://blog.naver.com/kkong3005/222905434113
975,https://blog.naver.com/robot_pio/222618607085
976,https://blog.naver.com/bomnal9101/222857558700
977,https://blog.naver.com/daily_something/222903570150
978,https://blog.naver.com/charmjoeunu/222796329708
979,https://blog.naver.com/bomnal9101/222800782639
980,https://blog.naver.com/pluto0229/222795400915
981,https://blog.naver.com/ldj0173/222909076960
982,https://blog.naver.com/bjpbear/222617621204
983,https://blog.naver.com/yalli23/222792121410
984,https://blog.naver.com/seyeong0215/222837016900
985,https://blog.naver.com/xingfucoco/222676459095
986,https://blog.naver.com/2019december/222883459241
987,https://blog.naver.com/bomnal9101/222619483096
988,https://blog.naver.com/miamiyoung/222866282802
